article_id,newspaper,search_term,article_url,published_date,image_index,image_url,local_image_path,caption,credit
travel_2013_mar_25_norfolk-broads-locals-guide-wherrymans-way,The Guardian,"""sea level""",https://www.theguardian.com/travel/2013/mar/25/norfolk-broads-locals-guide-wherrymans-way,2013-03-25,1,https://i.guim.co.uk/img/static/sys-images/Travel/Pix/pictures/2013/3/21/1363882779857/Norfolk-Broads-map-010.jpg?width=465&dpr=1&s=none&crop=none,D:\FR\IGD\IPCC internship\Scripts\output\guardian\images\guardian_2013-03-25_travel_2013_mar_25_norfolk-broads-locals-guide-wherrymans-way_img01.jpg,Illustration: Rachel Tudor Best. Click on the magnifying glass icon to see a larger version of this map,
uk_2013_may_22_police-respond-serious-incident-woolwich,The Guardian,IPCC,https://www.theguardian.com/uk/2013/may/22/police-respond-serious-incident-woolwich,2013-05-22,1,https://i.guim.co.uk/img/static/sys-images/Guardian/Pix/maps_and_graphs/2013/5/22/1369242290711/Woolwich-map-001.png?width=445&dpr=1&s=none&crop=none,D:\FR\IGD\IPCC internship\Scripts\output\guardian\images\guardian_2013-05-22_uk_2013_may_22_police-respond-serious-incident-woolwich_img01.png,Map showing the exact location of the incident,
travel_2013_jun_07_backpacking-theodora-sutcliffe-china,The Guardian,"""sea level""",https://www.theguardian.com/travel/2013/jun/07/backpacking-theodora-sutcliffe-china,2013-06-07,1,https://i.guim.co.uk/img/static/sys-images/Travel/Late_offers/pictures/2013/6/6/1370527480910/map-001.jpg?width=445&dpr=1&s=none&crop=none,D:\FR\IGD\IPCC internship\Scripts\output\guardian\images\guardian_2013-06-07_travel_2013_jun_07_backpacking-theodora-sutcliffe-china_img01.jpg,,
environment_climate-consensus-97-per-cent_2013_jul_17_climate-change-scepticism-andrew-neil-ed-davey,The Guardian,IPCC,https://www.theguardian.com/environment/climate-consensus-97-per-cent/2013/jul/17/climate-change-scepticism-andrew-neil-ed-davey,2013-07-17,1,https://i.guim.co.uk/img/static/sys-images/Guardian/Pix/pictures/2013/7/17/1374020042661/SkepticView450.jpg?width=445&dpr=1&s=none&crop=none,D:\FR\IGD\IPCC internship\Scripts\output\guardian\images\guardian_2013-07-17_environment_climate-consensus-97-per-cent_2013_jul_17_climate-change-scepticism-andrew-neil-ed-davey_img01.jpg,Source: Climate Nexus,Climate Nexus
science_2013_jul_22_climate-change-slowdown-warming-oceans,The Guardian,IPCC,https://www.theguardian.com/science/2013/jul/22/climate-change-slowdown-warming-oceans,2013-07-22,1,https://i.guim.co.uk/img/static/sys-images/Environment/Pix/columnists/2010/2/4/1265280195608/Michael-Manns-graph-of-te-002.jpg?width=465&dpr=1&s=none&crop=none,D:\FR\IGD\IPCC internship\Scripts\output\guardian\images\guardian_2013-07-22_science_2013_jul_22_climate-change-slowdown-warming-oceans_img01.jpg,Temperature in the northern hemisphere since 1000 CE. Natural variation in the climate cycle does not contradict climate scientists' predictions. Graph: IPCC report,
environment_climate-consensus-97-per-cent_2013_jul_23_climate-change-andrew-neil-bbc-errors-take2,The Guardian,IPCC,https://www.theguardian.com/environment/climate-consensus-97-per-cent/2013/jul/23/climate-change-andrew-neil-bbc-errors-take2,2013-07-23,1,https://i.guim.co.uk/img/static/sys-images/Guardian/Pix/pictures/2013/7/23/1374538609091/bau_future_warming450.jpg?width=445&dpr=1&s=none&crop=none,D:\FR\IGD\IPCC internship\Scripts\output\guardian\images\guardian_2013-07-23_environment_climate-consensus-97-per-cent_2013_jul_23_climate-change-andrew-neil-bbc-errors-take2_img01.jpg,"This graph shows that even at the lowest range of climate sensitivity, future global warming will take us well beyond any temperature experienced during civilized human history. The blue line represents reconstructed temperature. The red line represents measured and projected global surface temperature. The red dots show the projected warming in the year 2100 for three different climate sensitivities (high sensitivity 4.5°C, most likely sensitivity 3°C, low sensitivity 1.5°C).",
environment_climate-consensus-97-per-cent_2013_aug_30_climate-change-rcp-handy-summary,The Guardian,IPCC,https://www.theguardian.com/environment/climate-consensus-97-per-cent/2013/aug/30/climate-change-rcp-handy-summary,2013-08-30,1,https://i.guim.co.uk/img/static/sys-images/Guardian/Pix/pictures/2013/8/30/1377832808485/emissions-concentration-rcp.jpg?width=445&dpr=1&s=none&crop=none,D:\FR\IGD\IPCC internship\Scripts\output\guardian\images\guardian_2013-08-30_environment_climate-consensus-97-per-cent_2013_aug_30_climate-change-rcp-handy-summary_img01.jpg,"Emissions of carbon dioxide across the RCPs (left), and trends in concentrations of carbon dioxide (right). Grey area indicates the 98th and 90th percentiles (light/dark grey) of the literature. The dotted lines indicate four of the SRES marker scenarios. (Graphs from van Vuuren et.al. (2011).",
environment_2013_sep_27_ipcc-world-dangerous-climate-change,The Guardian,IPCC,https://www.theguardian.com/environment/2013/sep/27/ipcc-world-dangerous-climate-change,2013-09-27,1,https://i.guim.co.uk/img/static/sys-images/Guardian/About/General/2013/9/27/1380321841299/Climate-graphic-001.jpg?width=445&dpr=1&s=none&crop=none,D:\FR\IGD\IPCC internship\Scripts\output\guardian\images\guardian_2013-09-27_environment_2013_sep_27_ipcc-world-dangerous-climate-change_img01.jpg,Credit: Guardian graphics,Guardian graphics
environment_2013_sep_27_ipcc-world-dangerous-climate-change,The Guardian,IPCC,https://www.theguardian.com/environment/2013/sep/27/ipcc-world-dangerous-climate-change,2013-09-27,2,https://i.guim.co.uk/img/static/sys-images/Guardian/About/General/2013/9/27/1380321917468/Sea-levels-graphic-001.jpg?width=445&dpr=1&s=none&crop=none,D:\FR\IGD\IPCC internship\Scripts\output\guardian\images\guardian_2013-09-27_environment_2013_sep_27_ipcc-world-dangerous-climate-change_img02.jpg,Credit: Guardian graphics,Guardian graphics
environment_climate-consensus-97-per-cent_2013_oct_11_climate-change-political-media-ipcc-coverage,The Guardian,IPCC,https://www.theguardian.com/environment/climate-consensus-97-per-cent/2013/oct/11/climate-change-political-media-ipcc-coverage,2013-10-11,1,https://i.guim.co.uk/img/static/sys-images/Guardian/Pix/pictures/2013/10/10/1381366627591/ipcc-chart1450.jpg?width=445&dpr=1&s=none&crop=none,D:\FR\IGD\IPCC internship\Scripts\output\guardian\images\guardian_2013-10-11_environment_climate-consensus-97-per-cent_2013_oct_11_climate-change-political-media-ipcc-coverage_img01.jpg,"IPCC media coverage vs. the 97 percent expert consensus on human-caused global warming, courtesy of Media Matters.",
environment_climate-consensus-97-per-cent_2013_oct_11_climate-change-political-media-ipcc-coverage,The Guardian,IPCC,https://www.theguardian.com/environment/climate-consensus-97-per-cent/2013/oct/11/climate-change-political-media-ipcc-coverage,2013-10-11,2,https://i.guim.co.uk/img/static/sys-images/Guardian/Pix/pictures/2013/10/10/1381367117369/ipcc-chart2_450.jpg?width=445&dpr=1&s=none&crop=none,D:\FR\IGD\IPCC internship\Scripts\output\guardian\images\guardian_2013-10-11_environment_climate-consensus-97-per-cent_2013_oct_11_climate-change-political-media-ipcc-coverage_img02.jpg,"Disproportionate climate contrarian coverage on Fox News as compared to the 97 percent expert consensus on human-caused global warming, courtesy of Media Matters.",
environment_climate-consensus-97-per-cent_2013_oct_11_climate-change-political-media-ipcc-coverage,The Guardian,IPCC,https://www.theguardian.com/environment/climate-consensus-97-per-cent/2013/oct/11/climate-change-political-media-ipcc-coverage,2013-10-11,3,https://i.guim.co.uk/img/static/sys-images/Guardian/Pix/pictures/2013/10/10/1381366539993/ipcc-chart3_450.jpg?width=445&dpr=1&s=none&crop=none,D:\FR\IGD\IPCC internship\Scripts\output\guardian\images\guardian_2013-10-11_environment_climate-consensus-97-per-cent_2013_oct_11_climate-change-political-media-ipcc-coverage_img03.jpg,"Background of guests who accept and reject human-caused global warming in IPCC media stories, courtesy of Media Matters.",
environment_climate-consensus-97-per-cent_2013_oct_23_climate-change-climate-change-scepticism,The Guardian,IPCC,https://www.theguardian.com/environment/climate-consensus-97-per-cent/2013/oct/23/climate-change-climate-change-scepticism,2013-10-23,1,https://i.guim.co.uk/img/static/sys-images/Guardian/Pix/pictures/2013/10/19/1382199101019/ipcc-chart2_450.jpg?width=445&dpr=1&s=none&crop=none,D:\FR\IGD\IPCC internship\Scripts\output\guardian\images\guardian_2013-10-23_environment_climate-consensus-97-per-cent_2013_oct_23_climate-change-climate-change-scepticism_img01.jpg,,
global-development_2013_nov_14_philippines-disaster-vulnerable-haiyan,The Guardian,"""carbon dioxide""",https://www.theguardian.com/global-development/2013/nov/14/philippines-disaster-vulnerable-haiyan,2013-11-14,1,https://i.guim.co.uk/img/static/sys-images/Guardian/Pix/pictures/2013/11/14/1384442275433/Climateriskmap2.png?width=445&dpr=1&s=none&crop=none,D:\FR\IGD\IPCC internship\Scripts\output\guardian\images\guardian_2013-11-14_global-development_2013_nov_14_philippines-disaster-vulnerable-haiyan_img01.png,,
environment_climate-consensus-97-per-cent_2013_nov_20_climate-change-haiyan-hurricanes,The Guardian,IPCC,https://www.theguardian.com/environment/climate-consensus-97-per-cent/2013/nov/20/climate-change-haiyan-hurricanes,2013-11-20,1,https://i.guim.co.uk/img/static/sys-images/Guardian/Pix/pictures/2013/11/19/1384823741150/StrongestHurricanes.jpg?width=445&dpr=1&s=none&crop=none,D:\FR\IGD\IPCC internship\Scripts\output\guardian\images\guardian_2013-11-20_environment_climate-consensus-97-per-cent_2013_nov_20_climate-change-haiyan-hurricanes_img01.jpg,The 13 strongest tropical cyclones at landfall. 6 have happened since 1998. Source: wunderground.com,wunderground.com
environment_planet-oz_2013_nov_21_warsaw-climate-change-conference-global-warming,The Guardian,"""carbon dioxide""",https://www.theguardian.com/environment/planet-oz/2013/nov/21/warsaw-climate-change-conference-global-warming,2013-11-21,1,https://i.guim.co.uk/img/static/sys-images/Guardian/Pix/pictures/2013/11/21/1384992565522/coal_use.jpg?width=445&dpr=1&s=none&crop=none,D:\FR\IGD\IPCC internship\Scripts\output\guardian\images\guardian_2013-11-21_environment_planet-oz_2013_nov_21_warsaw-climate-change-conference-global-warming_img01.jpg,Emissions from carbon dioxide have been rising: Courtesy Global Carbon Project,
environment_planet-oz_2013_nov_21_warsaw-climate-change-conference-global-warming,The Guardian,"""carbon dioxide""",https://www.theguardian.com/environment/planet-oz/2013/nov/21/warsaw-climate-change-conference-global-warming,2013-11-21,2,https://i.guim.co.uk/img/static/sys-images/Guardian/Pix/pictures/2013/11/21/1384992694379/emissions.jpg?width=445&dpr=1&s=none&crop=none,D:\FR\IGD\IPCC internship\Scripts\output\guardian\images\guardian_2013-11-21_environment_planet-oz_2013_nov_21_warsaw-climate-change-conference-global-warming_img02.jpg,Carbon dioxide emissions continue to rise: Chart courtesy Global Carbon Project,
environment_planet-oz_2013_dec_06_bjorn-lomborg-climate-change-poor-countries-need-fossil-fuels,The Guardian,"""carbon dioxide""",https://www.theguardian.com/environment/planet-oz/2013/dec/06/bjorn-lomborg-climate-change-poor-countries-need-fossil-fuels,2013-12-06,1,https://i.guim.co.uk/img/static/sys-images/Guardian/Pix/pictures/2013/12/6/1386306926189/jones_model_hiatus.jpg?width=445&dpr=1&s=none&crop=none,D:\FR\IGD\IPCC internship\Scripts\output\guardian\images\guardian_2013-12-06_environment_planet-oz_2013_dec_06_bjorn-lomborg-climate-change-poor-countries-need-fossil-fuels_img01.jpg,Max Planck Institute MPI A2 Scenario Run 5. All step changes are statistically significant. Image: Roger Jones,
world_2013_dec_09_dead-sea-pipeline-water-red-sea,The Guardian,"""sea level""",https://www.theguardian.com/world/2013/dec/09/dead-sea-pipeline-water-red-sea,2013-12-09,1,https://i.guim.co.uk/img/static/sys-images/Guardian/Pix/pictures/2013/12/9/1386609780211/RedSeaDeadSeaCorrectedWEB.png?width=445&dpr=1&s=none&crop=none,D:\FR\IGD\IPCC internship\Scripts\output\guardian\images\guardian_2013-12-09_world_2013_dec_09_dead-sea-pipeline-water-red-sea_img01.png,Map of the Dead Sea,
environment_2014_jan_27_owen-paterson-angers-locals-visit-flooded-somerset-levels,The Guardian,"""sea level""",https://www.theguardian.com/environment/2014/jan/27/owen-paterson-angers-locals-visit-flooded-somerset-levels,2014-01-27,1,https://i.guim.co.uk/img/static/sys-images/Guardian/Pix/pictures/2014/1/27/1390846246559/Somersetfloodingmap.jpg?width=445&dpr=1&s=none&crop=none,D:\FR\IGD\IPCC internship\Scripts\output\guardian\images\guardian_2014-01-27_environment_2014_jan_27_owen-paterson-angers-locals-visit-flooded-somerset-levels_img01.jpg,,
environment_planet-oz_2014_feb_12_global-warming-fake-pause-hiatus-climate-change,The Guardian,IPCC,https://www.theguardian.com/environment/planet-oz/2014/feb/12/global-warming-fake-pause-hiatus-climate-change,2014-02-12,1,https://i.guim.co.uk/img/static/sys-images/Guardian/Pix/pictures/2014/2/12/1392174049056/sea_level_guardian.jpg?width=445&dpr=1&s=none&crop=none,D:\FR\IGD\IPCC internship\Scripts\output\guardian\images\guardian_2014-02-12_environment_planet-oz_2014_feb_12_global-warming-fake-pause-hiatus-climate-change_img01.jpg,"Global sea level continues to rise, driven by melting ice sheets, glaciers and warming and expanding oceans. Image: CSIRO",
environment_climate-consensus-97-per-cent_2014_feb_18_scientists-worried-ipcc-underestimate-sea-level-rise,The Guardian,IPCC,https://www.theguardian.com/environment/climate-consensus-97-per-cent/2014/feb/18/scientists-worried-ipcc-underestimate-sea-level-rise,2014-02-18,1,https://i.guim.co.uk/img/static/sys-images/Guardian/Pix/pictures/2009/3/9/1236605575094/Stefan-Rahmstorf-graph-sh-002.jpg?width=465&dpr=1&s=none&crop=none,D:\FR\IGD\IPCC internship\Scripts\output\guardian\images\guardian_2014-02-18_environment_climate-consensus-97-per-cent_2014_feb_18_scientists-worried-ipcc-underestimate-sea-level-rise_img01.jpg,"Graph by Stefan Rahmstorf comparing measured sea level rise (red and blue) to previous IPCC estimates (grey and dashed lines), showing sea level rise is happening faster than expected.",
environment_climate-consensus-97-per-cent_2014_feb_18_scientists-worried-ipcc-underestimate-sea-level-rise,The Guardian,IPCC,https://www.theguardian.com/environment/climate-consensus-97-per-cent/2014/feb/18/scientists-worried-ipcc-underestimate-sea-level-rise,2014-02-18,2,https://i.guim.co.uk/img/static/sys-images/Guardian/Pix/pictures/2014/2/16/1392579166246/VisionFields450.jpg?width=445&dpr=1&s=none&crop=none,D:\FR\IGD\IPCC internship\Scripts\output\guardian\images\guardian_2014-02-18_environment_climate-consensus-97-per-cent_2014_feb_18_scientists-worried-ipcc-underestimate-sea-level-rise_img02.jpg,,
science_2014_mar_26_dwarf-planet-super-earth-solar-system-2012-vp113,The Guardian,"""carbon dioxide""",https://www.theguardian.com/science/2014/mar/26/dwarf-planet-super-earth-solar-system-2012-vp113,2014-03-26,1,https://i.guim.co.uk/img/static/sys-images/Guardian/Pix/pictures/2014/3/26/1395843578105/Orbit-diagram-for-the-sol-011.jpg?width=465&dpr=1&s=none&crop=none,D:\FR\IGD\IPCC internship\Scripts\output\guardian\images\guardian_2014-03-26_science_2014_mar_26_dwarf-planet-super-earth-solar-system-2012-vp113_img01.jpg,The orbits of Sedna (orange) and dwarf planet 2012 VP 113 (red). Also shown are the orbits of the giant planets (purple). The Kuiper belt is the dotted light blue region. Illustration: Scott S Sheppard/Carnegie Institution for Science,
environment_climate-consensus-97-per-cent_2014_apr_08_fox-news-28-percent-accurate-climate-change,The Guardian,"""sea level""",https://www.theguardian.com/environment/climate-consensus-97-per-cent/2014/apr/08/fox-news-28-percent-accurate-climate-change,2014-04-08,1,https://i.guim.co.uk/img/static/sys-images/Guardian/Pix/pictures/2014/4/6/1396744470287/UCSAccuracyGraph.jpg?width=445&dpr=1&s=none&crop=none,D:\FR\IGD\IPCC internship\Scripts\output\guardian\images\guardian_2014-04-08_environment_climate-consensus-97-per-cent_2014_apr_08_fox-news-28-percent-accurate-climate-change_img01.jpg,,
big-energy-debate_jenny-jones-boris-johnson-london-carbon-targets,The Guardian,IPCC,https://www.theguardian.com/big-energy-debate/jenny-jones-boris-johnson-london-carbon-targets,2014-08-12,1,https://i.guim.co.uk/img/static/sys-images/Guardian/Pix/pictures/2014/8/8/1407497302700/London-emissions-chart-006.jpg?width=445&dpr=1&s=none&crop=none,D:\FR\IGD\IPCC internship\Scripts\output\guardian\images\guardian_2014-08-12_big-energy-debate_jenny-jones-boris-johnson-london-carbon-targets_img01.jpg,London carbon emission reductions by performance and target.,
environment_climate-consensus-97-per-cent_2014_sep_15_97-vs-3-how-much-global-warming-are-humans-causing,The Guardian,IPCC,https://www.theguardian.com/environment/climate-consensus-97-per-cent/2014/sep/15/97-vs-3-how-much-global-warming-are-humans-causing,2014-09-15,1,https://i.guim.co.uk/img/static/sys-images/Guardian/Pix/pictures/2014/9/13/1410641130334/46097a7b-cd16-4e0b-8281-cf7f801587db-620x498.png?width=445&dpr=1&s=none&crop=none,D:\FR\IGD\IPCC internship\Scripts\output\guardian\images\guardian_2014-09-15_environment_climate-consensus-97-per-cent_2014_sep_15_97-vs-3-how-much-global-warming-are-humans-causing_img01.png,"The probability density function for the fraction of warming attributable to human activity (derived from figure 10.5 in IPCC AR5). The bulk of the probability is far to the right of the ‘50%’ line, and the peak is around 110%. Source: RealClimate",RealClimate
environment_climate-consensus-97-per-cent_2014_oct_02_global-warming-battle-for-evangelical-hearts-and-minds,The Guardian,"""carbon dioxide""",https://www.theguardian.com/environment/climate-consensus-97-per-cent/2014/oct/02/global-warming-battle-for-evangelical-hearts-and-minds,2014-10-02,1,https://i.guim.co.uk/img/static/sys-images/Guardian/Pix/pictures/2014/9/28/1411935326243/8139ce74-94f6-4e39-93ef-88dd0c95d0cb-1024x768.jpeg?width=445&dpr=1&s=none&crop=none,D:\FR\IGD\IPCC internship\Scripts\output\guardian\images\guardian_2014-10-02_environment_climate-consensus-97-per-cent_2014_oct_02_global-warming-battle-for-evangelical-hearts-and-minds_img01.jpeg,Top frame: national per capita carbon pollution emissions. Bottom frame: Vulnerability Index from Samson et al. (2011). Source: Skeptical Science.,Skeptical Science.
us-news_2014_nov_05_climate-scientist-klaus-jacob-warning-new-york-city-hurricane-sandy,The Guardian,"""sea level""",https://www.theguardian.com/us-news/2014/nov/05/climate-scientist-klaus-jacob-warning-new-york-city-hurricane-sandy,2014-11-05,1,https://i.guim.co.uk/img/static/sys-images/Guardian/Pix/pictures/2014/11/2/1414968932715/2c048660-be0d-4d0d-807a-167914b4c1df-1020x679.jpeg?width=445&dpr=1&s=none&crop=none,D:\FR\IGD\IPCC internship\Scripts\output\guardian\images\guardian_2014-11-05_us-news_2014_nov_05_climate-scientist-klaus-jacob-warning-new-york-city-hurricane-sandy_img01.jpeg,"Rebuild by Design’s ‘Big U’ flood defense scheme for Lower Manhattan, which won $335m of funding. Visualization: Big Architects.",
us-news_2014_nov_05_climate-scientist-klaus-jacob-warning-new-york-city-hurricane-sandy,The Guardian,"""sea level""",https://www.theguardian.com/us-news/2014/nov/05/climate-scientist-klaus-jacob-warning-new-york-city-hurricane-sandy,2014-11-05,2,https://i.guim.co.uk/img/static/sys-images/Guardian/Pix/pictures/2014/11/2/1414950357118/aaff65b0-2c1b-48e5-9c25-9aceeea2b557-2060x1514.jpeg?width=445&dpr=1&s=none&crop=none,D:\FR\IGD\IPCC internship\Scripts\output\guardian\images\guardian_2014-11-05_us-news_2014_nov_05_climate-scientist-klaus-jacob-warning-new-york-city-hurricane-sandy_img02.jpeg,An early detailed city map of New Amsterdam – today’s downtown Manhattan – from 1660. Image: Wikimedia,
environment_2014_nov_11_-sp-satellite-eye-on-earth-october-2014,The Guardian,"""carbon dioxide""",https://www.theguardian.com/environment/2014/nov/11/-sp-satellite-eye-on-earth-october-2014,2014-11-11,1,https://i.guim.co.uk/img/static/sys-images/Guardian/Pix/pictures/2014/11/10/1415642508200/918467aa-f569-4078-9b61-f3ce5892a3b7-2060x1355.jpeg?width=445&dpr=1&s=none&crop=none,D:\FR\IGD\IPCC internship\Scripts\output\guardian\images\guardian_2014-11-11_environment_2014_nov_11_-sp-satellite-eye-on-earth-october-2014_img01.jpeg,Credits: Aster/Jaros/Nasa,
us-news_2014_dec_16_stormproofing-the-city-conclusions-new-york-sandy,The Guardian,"""sea level""",https://www.theguardian.com/us-news/2014/dec/16/stormproofing-the-city-conclusions-new-york-sandy,2014-12-16,1,https://i.guim.co.uk/img/static/sys-images/Guardian/Pix/pictures/2014/12/11/1418285560169/94ab0273-5966-42bf-93fa-e9f0c6f4860e-2060x1236.jpeg?width=465&dpr=1&s=none&crop=none,D:\FR\IGD\IPCC internship\Scripts\output\guardian\images\guardian_2014-12-16_us-news_2014_dec_16_stormproofing-the-city-conclusions-new-york-sandy_img01.jpeg,"The network of New York City’s stormproofers. For a larger version of this image, click here . Illustration: Alistair Dixon/Guardian",
environment_climate-consensus-97-per-cent_2015_jan_26_climate-change-could-impact-poor-much-more-than-previously-thought,The Guardian,IPCC,https://www.theguardian.com/environment/climate-consensus-97-per-cent/2015/jan/26/climate-change-could-impact-poor-much-more-than-previously-thought,2015-01-26,1,https://i.guim.co.uk/img/static/sys-images/Guardian/Pix/pictures/2015/1/24/1422141805945/a8ff7226-223b-4732-ac87-01b3faf6dce2-620x604.png?width=445&dpr=1&s=none&crop=none,D:\FR\IGD\IPCC internship\Scripts\output\guardian\images\guardian_2015-01-26_environment_climate-consensus-97-per-cent_2015_jan_26_climate-change-could-impact-poor-much-more-than-previously-thought_img01.png,"Per-capita GDP under a business-as-usual scenario for rich (top) and poor (bottom) regions for the reference (no damages) run (green), standard economic model (DICE; red), and DICE modified to account for climate impacts to economic growth (blue). Source: Nature Climate Change",Nature Climate Change
environment_climate-consensus-97-per-cent_2015_jan_29_new-research-reveals-extreme-oxygen-loss-in-oceans-during-past-climate-change,The Guardian,"""sea level""",https://www.theguardian.com/environment/climate-consensus-97-per-cent/2015/jan/29/new-research-reveals-extreme-oxygen-loss-in-oceans-during-past-climate-change,2015-01-29,1,https://i.guim.co.uk/img/static/sys-images/Guardian/Pix/pictures/2015/1/29/1422501713212/798046ad-b988-4dc3-bad8-be976df977b5-bestSizeAvailable.png?width=445&dpr=1&s=none&crop=none,D:\FR\IGD\IPCC internship\Scripts\output\guardian\images\guardian_2015-01-29_environment_climate-consensus-97-per-cent_2015_jan_29_new-research-reveals-extreme-oxygen-loss-in-oceans-during-past-climate-change_img01.png,"Visualization of the extent of low-oxygen seafloor at 14,000 years ago mid-way through the deglaciation. The gray shading along the coastline is the paleoshoreline, or rather where the shoreline would been when sea level was 85 meters lower than today. Red seafloor is associated with severe hypoxia and orange seafloor is associated with intermediate hypoxia.",
environment_2015_feb_11_is-geoengineering-a-bad-idea-climate-change,The Guardian,IPCC,https://www.theguardian.com/environment/2015/feb/11/is-geoengineering-a-bad-idea-climate-change,2015-02-11,1,https://i.guim.co.uk/img/static/sys-images/Guardian/Pix/pictures/2015/2/11/1423650360236/8d9f1a86-3979-469a-a666-18e827592426-bestSizeAvailable.png?width=445&dpr=1&s=none&crop=none,D:\FR\IGD\IPCC internship\Scripts\output\guardian\images\guardian_2015-02-11_environment_2015_feb_11_is-geoengineering-a-bad-idea-climate-change_img01.png,Beccs graphic.,
environment_climate-consensus-97-per-cent_2015_mar_10_consensus-and-geoengineering-how-to-convince-people-about-global-warming,The Guardian,"""carbon dioxide""",https://www.theguardian.com/environment/climate-consensus-97-per-cent/2015/mar/10/consensus-and-geoengineering-how-to-convince-people-about-global-warming,2015-03-10,1,https://i.guim.co.uk/img/static/sys-images/Guardian/Pix/pictures/2015/3/7/1425768304246/8359754f-23b2-428b-836b-59f2c050aed2-bestSizeAvailable.jpeg?width=465&dpr=1&s=none&crop=none,D:\FR\IGD\IPCC internship\Scripts\output\guardian\images\guardian_2015-03-10_environment_climate-consensus-97-per-cent_2015_mar_10_consensus-and-geoengineering-how-to-convince-people-about-global-warming_img01.jpeg,Social science research has shown that the 97% consensus pie chart is a very effective way to convince people - especially conservatives - about climate change. Source: Skeptical Science,Skeptical Science
environment_climate-consensus-97-per-cent_2015_mar_18_fossil-fuels-are-way-more-expensive-than-you-think,The Guardian,"""greenhouse gas""",https://www.theguardian.com/environment/climate-consensus-97-per-cent/2015/mar/18/fossil-fuels-are-way-more-expensive-than-you-think,2015-03-18,1,https://i.guim.co.uk/img/static/sys-images/Guardian/Pix/pictures/2015/3/15/1426444790781/5cc4d51b-2d01-4750-b826-e93b3631d6ca-620x379.png?width=445&dpr=1&s=none&crop=none,D:\FR\IGD\IPCC internship\Scripts\output\guardian\images\guardian_2015-03-18_environment_climate-consensus-97-per-cent_2015_mar_18_fossil-fuels-are-way-more-expensive-than-you-think_img01.png,"Levelized generation costs for new US electricity generation and environmental damages by fuel type. Source: Climatic Change, Shindell (2015).","Climatic Change, Shindell (2015)."
environment_climate-consensus-97-per-cent_2015_mar_30_global-warming-and-drought-turning-golden-state-brown,The Guardian,"""global warming""",https://www.theguardian.com/environment/climate-consensus-97-per-cent/2015/mar/30/global-warming-and-drought-turning-golden-state-brown,2015-03-30,1,https://i.guim.co.uk/img/static/sys-images/Guardian/Pix/pictures/2015/3/28/1427582830071/86a3ab4c-e09b-40c0-b0fc-e9aa70b37ab9-620x413.png?width=445&dpr=1&s=none&crop=none,D:\FR\IGD\IPCC internship\Scripts\output\guardian\images\guardian_2015-03-30_environment_climate-consensus-97-per-cent_2015_mar_30_global-warming-and-drought-turning-golden-state-brown_img01.png,"California temperature (°F) and precipitation (inches) anomalies from January 1895 to November 2014, plotted as 3-year anomalies relative to 1901–2000 mean. Data from the National Climatic Data Center nClimDiv dataset. Source: PNAS; Mann & Gleick (2015).",PNAS; Mann & Gleick (2015).
environment_climate-consensus-97-per-cent_2015_apr_06_revealing-interview-with-top-contrarian-climate-scientists,The Guardian,"""global warming""",https://www.theguardian.com/environment/climate-consensus-97-per-cent/2015/apr/06/revealing-interview-with-top-contrarian-climate-scientists,2015-04-06,1,https://i.guim.co.uk/img/static/sys-images/Guardian/Pix/pictures/2015/4/3/1428024209007/512cdcb4-5f38-4d94-bf05-5a05ccbf17f9-bestSizeAvailable.png?width=445&dpr=1&s=none&crop=none,D:\FR\IGD\IPCC internship\Scripts\output\guardian\images\guardian_2015-04-06_environment_climate-consensus-97-per-cent_2015_apr_06_revealing-interview-with-top-contrarian-climate-scientists_img01.png,Evolution of UAH lower tropospheric temperature trends from satellite observations. Source: Cosmopolis; Abraham et al. (2014).,Cosmopolis; Abraham et al. (2014).
environment_climate-consensus-97-per-cent_2015_apr_15_65-canadian-scholars-draw-up-a-roadmap-to-curb-global-warming,The Guardian,"""global warming""",https://www.theguardian.com/environment/climate-consensus-97-per-cent/2015/apr/15/65-canadian-scholars-draw-up-a-roadmap-to-curb-global-warming,2015-04-15,1,https://i.guim.co.uk/img/static/sys-images/Guardian/Pix/pictures/2015/4/12/1428863560536/7a34bd64-8797-404c-8b8f-dfeec4270ffd-620x448.png?width=445&dpr=1&s=none&crop=none,D:\FR\IGD\IPCC internship\Scripts\output\guardian\images\guardian_2015-04-15_environment_climate-consensus-97-per-cent_2015_apr_15_65-canadian-scholars-draw-up-a-roadmap-to-curb-global-warming_img01.png,Map of researchers contributing to the Acting on Climate Change report.,
environment_climate-consensus-97-per-cent_2015_apr_15_65-canadian-scholars-draw-up-a-roadmap-to-curb-global-warming,The Guardian,"""global warming""",https://www.theguardian.com/environment/climate-consensus-97-per-cent/2015/apr/15/65-canadian-scholars-draw-up-a-roadmap-to-curb-global-warming,2015-04-15,2,https://i.guim.co.uk/img/static/sys-images/Guardian/Pix/pictures/2015/4/12/1428863793002/27e48de1-472d-4954-a19f-891fbe9b70d6-620x594.png?width=445&dpr=1&s=none&crop=none,D:\FR\IGD\IPCC internship\Scripts\output\guardian\images\guardian_2015-04-15_environment_climate-consensus-97-per-cent_2015_apr_15_65-canadian-scholars-draw-up-a-roadmap-to-curb-global-warming_img02.png,Renewable energy potential in Canada. Source: Acting on Climate Change.,Acting on Climate Change.
environment_climate-consensus-97-per-cent_2015_apr_15_65-canadian-scholars-draw-up-a-roadmap-to-curb-global-warming,The Guardian,"""global warming""",https://www.theguardian.com/environment/climate-consensus-97-per-cent/2015/apr/15/65-canadian-scholars-draw-up-a-roadmap-to-curb-global-warming,2015-04-15,3,https://i.guim.co.uk/img/static/sys-images/Guardian/Pix/pictures/2015/4/12/1428864275346/05aebd0a-f239-478e-aeed-e46e3a79e1e3-1020x504.png?width=445&dpr=1&s=none&crop=none,D:\FR\IGD\IPCC internship\Scripts\output\guardian\images\guardian_2015-04-15_environment_climate-consensus-97-per-cent_2015_apr_15_65-canadian-scholars-draw-up-a-roadmap-to-curb-global-warming_img03.png,Canadian greenhouse gas emissions and targets. Source: Acting on Climate Change.,Acting on Climate Change.
environment_climate-consensus-97-per-cent_2015_apr_23_changes-in-water-vapor-and-clouds-are-amplifying-global-warming,The Guardian,"""global warming""",https://www.theguardian.com/environment/climate-consensus-97-per-cent/2015/apr/23/changes-in-water-vapor-and-clouds-are-amplifying-global-warming,2015-04-23,1,https://i.guim.co.uk/img/static/sys-images/Guardian/Pix/pictures/2015/4/23/1429746715591/d423b36a-0473-4e2a-8fea-d0ad159a96b4-620x413.png?width=120&dpr=1&s=none&crop=none,D:\FR\IGD\IPCC internship\Scripts\output\guardian\images\guardian_2015-04-23_environment_climate-consensus-97-per-cent_2015_apr_23_changes-in-water-vapor-and-clouds-are-amplifying-global-warming_img01.png,Dr. Kevin Trenberth. Source: National Center for Atmospheric Research.,National Center for Atmospheric Research.
environment_climate-consensus-97-per-cent_2015_apr_30_overlooked-evidence-global-warming-may-proceed-faster-than-expected,The Guardian,"""global warming""",https://www.theguardian.com/environment/climate-consensus-97-per-cent/2015/apr/30/overlooked-evidence-global-warming-may-proceed-faster-than-expected,2015-04-30,1,https://i.guim.co.uk/img/static/sys-images/Guardian/Pix/pictures/2015/4/26/1430006706649/b48548a0-a714-4984-9b5a-7082f47f4f6e-620x469.jpeg?width=445&dpr=1&s=none&crop=none,D:\FR\IGD\IPCC internship\Scripts\output\guardian\images\guardian_2015-04-30_environment_climate-consensus-97-per-cent_2015_apr_30_overlooked-evidence-global-warming-may-proceed-faster-than-expected_img01.jpeg,"Figure (derived from Sherwood et al. 2014, Fig. 5c) showing the relationship between the models’ estimate of Lower Tropospheric Mixing (LTMI) and sensitivity, along with estimates of the same metric from radiosondes and the MERRA and ERA-Interim reanalyses. Source: RealClimate.",RealClimate.
environment_climate-consensus-97-per-cent_2015_may_06_pause-needed-in-global-warming-optimism-new-research-shows,The Guardian,"""global warming""",https://www.theguardian.com/environment/climate-consensus-97-per-cent/2015/may/06/pause-needed-in-global-warming-optimism-new-research-shows,2015-05-06,1,https://i.guim.co.uk/img/static/sys-images/Guardian/Pix/pictures/2015/5/2/1430584509709/e67d0327-f0db-4ef4-98d8-94ee315b8329-1020x884.jpeg?width=445&dpr=1&s=none&crop=none,D:\FR\IGD\IPCC internship\Scripts\output\guardian\images\guardian_2015-05-06_environment_climate-consensus-97-per-cent_2015_may_06_pause-needed-in-global-warming-optimism-new-research-shows_img01.jpeg,Surface temperature changes projected by climate models that do (darker colors) and don’t (lighter colors) capture the surface warming slowdown. Red represents temperature projections under a business-as-usual high-emissions scenario (RCP8.5; red) and a scenario where humans take some action to reduce carbon pollution (RCP4.5; blue). Source: Nature Climate Change; England et al. 2015.,Nature Climate Change; England et al. 2015.
environment_climate-consensus-97-per-cent_2015_may_27_memo-to-jeb-bush-denying-human-caused-global-warming-is-ignorant,The Guardian,"""global warming""",https://www.theguardian.com/environment/climate-consensus-97-per-cent/2015/may/27/memo-to-jeb-bush-denying-human-caused-global-warming-is-ignorant,2015-05-27,1,https://i.guim.co.uk/img/static/sys-images/Guardian/Pix/pictures/2015/5/26/1432597241287/ab68c5d5-d8c3-4d72-8347-8d444e205967-2060x1424.jpeg?width=445&dpr=1&s=none&crop=none,D:\FR\IGD\IPCC internship\Scripts\output\guardian\images\guardian_2015-05-27_environment_climate-consensus-97-per-cent_2015_may_27_memo-to-jeb-bush-denying-human-caused-global-warming-is-ignorant_img01.jpeg,"Assessed likely ranges (whiskers) and their mid-points (bars) for warming trends over the 1951–2010 period from well-mixed greenhouse gases (GHG), other anthropogenic forcings (OA; including the cooling effect of aerosols and the effect of land use change), combined anthropogenic forcings (ANT), natural forcings (NAT), and natural internal climate variability. The observed surface temperature change is shown in black, with the 5 to 95% uncertainty range due to observational uncertainty. Source: IPCC AR5 Figure 10.5.",IPCC AR5 Figure 10.5.
environment_climate-consensus-97-per-cent_2015_jun_03_research-downplaying-impending-global-warming-is-overturned,The Guardian,"""global warming""",https://www.theguardian.com/environment/climate-consensus-97-per-cent/2015/jun/03/research-downplaying-impending-global-warming-is-overturned,2015-06-03,1,https://i.guim.co.uk/img/static/sys-images/Guardian/Pix/pictures/2015/6/3/1433293319392/ce1eeb2f-26ea-47fd-ba76-e4757cffef1e-620x222.png?width=445&dpr=1&s=none&crop=none,D:\FR\IGD\IPCC internship\Scripts\output\guardian\images\guardian_2015-06-03_environment_climate-consensus-97-per-cent_2015_jun_03_research-downplaying-impending-global-warming-is-overturned_img01.png,"Comparison between modelled and observed temperature change (°C) from 1850. Solid lines show observational series HadCRUT4, Berkeley Earth (BEST) and Cowtan and Way. The 5%–95% CMIP5 range and Monckton et al. range are shown as shaded areas. N = 45 CMIP5 models transitioning to RCP6.0 after 2005, M15 model forced with the Otto et al. radiative forcing time series and all temperature series anomalies calculated relative to the 1850–1900 mean. Source: Science Bulletin; Richardson et al. (2015).",Science Bulletin; Richardson et al. (2015).
environment_climate-consensus-97-per-cent_2015_jun_08_what-you-need-to-know-about-the-noaa-global-warming-faux-pause-paper,The Guardian,"""global warming""",https://www.theguardian.com/environment/climate-consensus-97-per-cent/2015/jun/08/what-you-need-to-know-about-the-noaa-global-warming-faux-pause-paper,2015-06-08,1,https://i.guim.co.uk/img/static/sys-images/Guardian/Pix/pictures/2015/6/7/1433648291783/394aae6c-6f45-4f69-ae79-a7e7c19887b5-620x520.png?width=445&dpr=1&s=none&crop=none,D:\FR\IGD\IPCC internship\Scripts\output\guardian\images\guardian_2015-06-08_environment_climate-consensus-97-per-cent_2015_jun_08_what-you-need-to-know-about-the-noaa-global-warming-faux-pause-paper_img01.png,"NOAA global surface temperature changes with new analysis, old analysis, and with and without time-dependent bias corrections. (A) The new analysis (solid black) compared to the old analysis (red). (B) The new analysis (solid black) versus no corrections for time-dependent biases (cyan). Source: Science; Karl et al. (2015) Source: Science; Karl et al. (2015)",Science; Karl et al. (2015) Source: Science; Karl et al. (2015)
environment_2015_jun_09_desmond-scott-obituary,The Guardian,"""global warming""",https://www.theguardian.com/environment/2015/jun/09/desmond-scott-obituary,2015-06-09,1,https://i.guim.co.uk/img/static/sys-images/Guardian/Pix/pictures/2015/6/9/1433852943463/Desmond-Scott--010.jpg?width=465&dpr=1&s=none&crop=none,D:\FR\IGD\IPCC internship\Scripts\output\guardian\images\guardian_2015-06-09_environment_2015_jun_09_desmond-scott-obituary_img01.jpg,Desmond Scott retired from the Royal Navy in 1973 and joined the Intergovernmental Oceanographic Commission,
global_2015_jun_20_britain-london-pollution-air-quality-health,The Guardian,"""global warming""",https://www.theguardian.com/global/2015/jun/20/britain-london-pollution-air-quality-health,2015-06-20,1,https://i.guim.co.uk/img/static/sys-images/Guardian/Pix/pictures/2015/6/18/1434640130794/907858ab-8d91-473c-912c-e1485fd76cc2-bestSizeAvailable.jpeg?width=445&dpr=1&s=none&crop=none,D:\FR\IGD\IPCC internship\Scripts\output\guardian\images\guardian_2015-06-20_global_2015_jun_20_britain-london-pollution-air-quality-health_img01.jpeg,Deaths attributed to long-term exposure to air pollution in 2012. Source: Public Health England 2014,Public Health England 2014
environment_climate-consensus-97-per-cent_2015_jul_02_new-study-warns-of-dangerous-climate-change-risks-to-the-earths-oceans,The Guardian,"""global warming""",https://www.theguardian.com/environment/climate-consensus-97-per-cent/2015/jul/02/new-study-warns-of-dangerous-climate-change-risks-to-the-earths-oceans,2015-07-02,1,https://i.guim.co.uk/img/static/sys-images/Guardian/Pix/pictures/2015/6/30/1435639591747/237bc839-6f34-4e9d-bb68-f1714fd67721-382x660.png?width=445&dpr=1&s=none&crop=none,D:\FR\IGD\IPCC internship\Scripts\output\guardian\images\guardian_2015-07-02_environment_climate-consensus-97-per-cent_2015_jul_02_new-study-warns-of-dangerous-climate-change-risks-to-the-earths-oceans_img01.png,Regional changes in the physical system and associated risks for natural and human-managed systems. Source: Science; Gattuso et al. (2015) modified from IPCC WGII AR5 (2014).,Science; Gattuso et al. (2015) modified from IPCC WGII AR5 (2014).
environment_climate-consensus-97-per-cent_2015_jul_16_no-the-sun-isnt-going-to-save-us-from-global-warming,The Guardian,"""global warming""",https://www.theguardian.com/environment/climate-consensus-97-per-cent/2015/jul/16/no-the-sun-isnt-going-to-save-us-from-global-warming,2015-07-16,1,https://i.guim.co.uk/img/static/sys-images/Guardian/Pix/pictures/2015/7/16/1437018948299/15332968-17c4-4246-9117-0a9e7785eef2-1020x765.jpeg?width=445&dpr=1&s=none&crop=none,D:\FR\IGD\IPCC internship\Scripts\output\guardian\images\guardian_2015-07-16_environment_climate-consensus-97-per-cent_2015_jul_16_no-the-sun-isnt-going-to-save-us-from-global-warming_img01.jpeg,Annual global surface temperature change (thin light red) with 11 year moving average of temperature (thick dark red). Temperature from NASA GISS. Annual Total Solar Irradiance (thin light blue) with 11 year moving average of TSI (thick dark blue). Source: Skeptical Science,Skeptical Science
environment_climate-consensus-97-per-cent_2015_jul_16_no-the-sun-isnt-going-to-save-us-from-global-warming,The Guardian,"""global warming""",https://www.theguardian.com/environment/climate-consensus-97-per-cent/2015/jul/16/no-the-sun-isnt-going-to-save-us-from-global-warming,2015-07-16,2,https://i.guim.co.uk/img/static/sys-images/Guardian/Pix/pictures/2015/7/16/1437020037484/87888235-df92-408f-a4e3-76b36a2640e6-620x458.png?width=445&dpr=1&s=none&crop=none,D:\FR\IGD\IPCC internship\Scripts\output\guardian\images\guardian_2015-07-16_environment_climate-consensus-97-per-cent_2015_jul_16_no-the-sun-isnt-going-to-save-us-from-global-warming_img02.png,"Green dots show the 30-year average of the new PAGES 2k reconstruction. The red curve shows the global mean surface temperature, according HadCRUT4 data from 1850 onwards. In blue is the original hockey stick of Mann, Bradley and Hughes (1999) with its uncertainty range (light blue). Graph by Klaus Bitterman. 400 years of sunspot observations are inlaid, created by Robert Rohde.",
environment_2015_jul_20_sharks-dont-like-to-eat-people-attack-statistics-contradict-untested-theories,The Guardian,temperature,https://www.theguardian.com/environment/2015/jul/20/sharks-dont-like-to-eat-people-attack-statistics-contradict-untested-theories,2015-07-20,1,https://i.guim.co.uk/img/static/sys-images/Guardian/Pix/pictures/2015/7/21/1437438287827/68b5b030-7b1d-43bd-aa82-59c98ed01fdb-620x372.png?width=445&dpr=1&s=none&crop=none,D:\FR\IGD\IPCC internship\Scripts\output\guardian\images\guardian_2015-07-20_environment_2015_jul_20_sharks-dont-like-to-eat-people-attack-statistics-contradict-untested-theories_img01.png,"Distribution of shark attacks in Australia between 1900 and 2009, including total number of attacks, the total population of Australia and the shark attacks per million people. Illustration: <a href='https://taronga.org.au/sites/default/files/downloads/changing_patterns_of_shark_attacks_in_australian_waters.pdf'>West 2011</a>",
environment_climate-consensus-97-per-cent_2015_jul_20_oceans-warming-faster-than-climate-models-predicted,The Guardian,"""global warming""",https://www.theguardian.com/environment/climate-consensus-97-per-cent/2015/jul/20/oceans-warming-faster-than-climate-models-predicted,2015-07-20,1,https://i.guim.co.uk/img/static/sys-images/Guardian/Pix/pictures/2015/7/20/1437400442446/b791fce9-88a9-4e36-a944-a2b0009c403b-477x660.jpeg?width=445&dpr=1&s=none&crop=none,D:\FR\IGD\IPCC internship\Scripts\output\guardian\images\guardian_2015-07-20_environment_climate-consensus-97-per-cent_2015_jul_20_oceans-warming-faster-than-climate-models-predicted_img01.jpeg,"(a) Upper (0–700 m) OHC, calculated using 40 CMIP5 models (gray lines; black line is the ensemble mean). The CMIP5 results are compared with the observation-based estimate using the strategies presented in this study (red line) and NODC mapping (dashed blue line). Two major volcanic eruptions are marked by the black arrows. (b) Annual global-averaged upper ocean warming rates from the CMIP5 model results (gray lines; red line is the ensemble mean) and from observations (blue line), computed from the first differences of OHC at 700 m (units: °C yr−1). Source: Institute of Atmospheric Physics.",Institute of Atmospheric Physics.
environment_climate-consensus-97-per-cent_2015_jul_27_daily-mail-telegraph-wrong-arctic-sea-ice,The Guardian,"""global warming""",https://www.theguardian.com/environment/climate-consensus-97-per-cent/2015/jul/27/daily-mail-telegraph-wrong-arctic-sea-ice,2015-07-27,1,https://i.guim.co.uk/img/static/sys-images/Guardian/Pix/pictures/2015/7/25/1437797726400/bcb37372-cfa5-446e-8b18-5bc9544e6393-1020x549.png?width=445&dpr=1&s=none&crop=none,D:\FR\IGD\IPCC internship\Scripts\output\guardian\images\guardian_2015-07-27_environment_climate-consensus-97-per-cent_2015_jul_27_daily-mail-telegraph-wrong-arctic-sea-ice_img01.png,PIOMAS model Arctic sea ice volume for autumn 1980–2014 (solid line) and spring 1981–2014 (dashed line). CryoSat-2 volume estimates (red stars) are plotted for 2010–2014.,
environment_climate-consensus-97-per-cent_2015_jul_27_daily-mail-telegraph-wrong-arctic-sea-ice,The Guardian,"""global warming""",https://www.theguardian.com/environment/climate-consensus-97-per-cent/2015/jul/27/daily-mail-telegraph-wrong-arctic-sea-ice,2015-07-27,2,https://i.guim.co.uk/img/static/sys-images/Guardian/Pix/pictures/2015/7/25/1437801527868/aa9d2760-3366-47f2-8810-753fb3ec7948-bestSizeAvailable.jpeg?width=445&dpr=1&s=none&crop=none,D:\FR\IGD\IPCC internship\Scripts\output\guardian\images\guardian_2015-07-27_environment_climate-consensus-97-per-cent_2015_jul_27_daily-mail-telegraph-wrong-arctic-sea-ice_img02.jpeg,"Arctic sea ice volume estimate from PIOMAS, annotated by John Mason to indicate the last time the volume was as high as 2013, which the Daily Mail claims has been “decades.” Source: SkepticalScience.com.",SkepticalScience.com.
global_2015_aug_04_islamic-state-climate-socialism-corbyn,The Guardian,"""global warming""",https://www.theguardian.com/global/2015/aug/04/islamic-state-climate-socialism-corbyn,2015-08-04,1,https://i.guim.co.uk/img/static/sys-images/Guardian/Pix/pictures/2015/8/3/1438617654182/c811f82d-5686-40d8-9ad1-e37174597ebf-bestSizeAvailable.jpeg?width=445&dpr=1&s=none&crop=none,D:\FR\IGD\IPCC internship\Scripts\output\guardian\images\guardian_2015-08-04_global_2015_aug_04_islamic-state-climate-socialism-corbyn_img01.jpeg,The west should heed the warning of French statesman Georges Clémenceau: ‘War - a thing too serious to entrust to military men’. Illustration: Gillian Blease,
environment_2015_aug_12_satellite-eye-on-earth-july-2015,The Guardian,temperature,https://www.theguardian.com/environment/2015/aug/12/satellite-eye-on-earth-july-2015,2015-08-12,1,https://i.guim.co.uk/img/media/ef4fe4438bbac1508d4ba390cf776cbbaafa8fcc/0_0_1500_887/master/1500.jpg?width=445&dpr=1&s=none&crop=none,D:\FR\IGD\IPCC internship\Scripts\output\guardian\images\guardian_2015-08-12_environment_2015_aug_12_satellite-eye-on-earth-july-2015_img01.jpg,Credits: Sentinel-2A/Esa,
cities_2015_aug_15_treeconomics-street-trees-cities-sheffield-itree,The Guardian,temperature,https://www.theguardian.com/cities/2015/aug/15/treeconomics-street-trees-cities-sheffield-itree,2015-08-15,1,https://i.guim.co.uk/img/static/sys-images/Guardian/Pix/pictures/2015/8/4/1438702548055/0dc41283-1f97-418d-861b-a89691dbdfb5-1020x612.jpeg?width=445&dpr=1&s=none&crop=none,D:\FR\IGD\IPCC internship\Scripts\output\guardian\images\guardian_2015-08-15_cities_2015_aug_15_treeconomics-street-trees-cities-sheffield-itree_img01.jpeg,Street trees planted by Washington DC’s District Urban Forest Administation.,
environment_climate-consensus-97-per-cent_2015_aug_31_citi-report-slowing-global-warming-would-save-tens-of-trillions-of-dollars,The Guardian,"""global warming""",https://www.theguardian.com/environment/climate-consensus-97-per-cent/2015/aug/31/citi-report-slowing-global-warming-would-save-tens-of-trillions-of-dollars,2015-08-31,1,https://i.guim.co.uk/img/static/sys-images/Guardian/Pix/pictures/2015/8/29/1440863978069/ec8282e6-3042-49b0-a91a-f462fd0bb719-620x484.png?width=445&dpr=1&s=none&crop=none,D:\FR\IGD\IPCC internship\Scripts\output\guardian\images\guardian_2015-08-31_environment_climate-consensus-97-per-cent_2015_aug_31_citi-report-slowing-global-warming-would-save-tens-of-trillions-of-dollars_img01.png,Investment costs of climate Action and Inaction scenarios. Source: Citi GPS.,Citi GPS.
environment_climate-consensus-97-per-cent_2015_aug_31_citi-report-slowing-global-warming-would-save-tens-of-trillions-of-dollars,The Guardian,"""global warming""",https://www.theguardian.com/environment/climate-consensus-97-per-cent/2015/aug/31/citi-report-slowing-global-warming-would-save-tens-of-trillions-of-dollars,2015-08-31,2,https://i.guim.co.uk/img/static/sys-images/Guardian/Pix/pictures/2015/8/29/1440864259004/d0074246-9d09-4d63-8419-3fd7a65a17a6-620x442.png?width=445&dpr=1&s=none&crop=none,D:\FR\IGD\IPCC internship\Scripts\output\guardian\images\guardian_2015-08-31_environment_climate-consensus-97-per-cent_2015_aug_31_citi-report-slowing-global-warming-would-save-tens-of-trillions-of-dollars_img02.png,Survey results of economists with climate expertise when asked under what circumstances the USA should reduce its carbon emissions. Source: New York University; Economists and Climate Change report.,New York University; Economists and Climate Change report.
commentisfree_2015_oct_01_the-guardian-view-on-diesel-pollution-tougher-regulation-to-clean-up-the-car-industry,The Guardian,emissions,https://www.theguardian.com/commentisfree/2015/oct/01/the-guardian-view-on-diesel-pollution-tougher-regulation-to-clean-up-the-car-industry,2015-10-01,1,https://i.guim.co.uk/img/media/ba9ed7091620656428bd90fd9ce6e90611ee8414/0_56_844_506/master/844.jpg?width=465&dpr=1&s=none&crop=none,D:\FR\IGD\IPCC internship\Scripts\output\guardian\images\guardian_2015-10-01_commentisfree_2015_oct_01_the-guardian-view-on-diesel-pollution-tougher-regulation-to-clean-up-the-car-industry_img01.jpg,Graphic from the International Council on Clean Transportation’s Fact Sheet: Europe. The figures are for diesel cars’ nitrogen oxides (NOX) emissions (in g/km),
cities_2015_oct_07_smell-amsterdam-cannabis-odour-mappers-kate-mclean,The Guardian,temperature,https://www.theguardian.com/cities/2015/oct/07/smell-amsterdam-cannabis-odour-mappers-kate-mclean,2015-10-07,1,https://i.guim.co.uk/img/static/sys-images/Guardian/Pix/pictures/2015/10/6/1444128786325/2cf17908-e8b5-4154-95e7-ec79d4400f4e-2060x930.jpeg?width=465&dpr=1&s=none&crop=none,D:\FR\IGD\IPCC internship\Scripts\output\guardian\images\guardian_2015-10-07_cities_2015_oct_07_smell-amsterdam-cannabis-odour-mappers-kate-mclean_img01.jpeg,A section of Kate McLean’s Amsterdam smellmap - click here to see in full,
cities_2015_oct_07_smell-amsterdam-cannabis-odour-mappers-kate-mclean,The Guardian,temperature,https://www.theguardian.com/cities/2015/oct/07/smell-amsterdam-cannabis-odour-mappers-kate-mclean,2015-10-07,2,https://i.guim.co.uk/img/static/sys-images/Guardian/Pix/pictures/2015/10/6/1444132439441/84e1a620-06c9-4f43-a39a-2247b6850cf9-2060x1236.jpeg?width=445&dpr=1&s=none&crop=none,D:\FR\IGD\IPCC internship\Scripts\output\guardian\images\guardian_2015-10-07_cities_2015_oct_07_smell-amsterdam-cannabis-odour-mappers-kate-mclean_img02.jpeg,Another detail of Kate McLean’s Amsterdam map. She views her maps as ‘tools and drivers for further exploration’,
cities_2015_oct_07_smell-amsterdam-cannabis-odour-mappers-kate-mclean,The Guardian,temperature,https://www.theguardian.com/cities/2015/oct/07/smell-amsterdam-cannabis-odour-mappers-kate-mclean,2015-10-07,3,https://i.guim.co.uk/img/static/sys-images/Guardian/Pix/pictures/2015/10/6/1444141641937/0b537949-c38e-4788-90b1-ffe5d8cb75fe-2060x1317.jpeg?width=445&dpr=1&s=none&crop=none,D:\FR\IGD\IPCC internship\Scripts\output\guardian\images\guardian_2015-10-07_cities_2015_oct_07_smell-amsterdam-cannabis-odour-mappers-kate-mclean_img03.jpeg,Kate McLean’s Glasgow smellmap,
environment_climate-consensus-97-per-cent_2015_oct_21_carbon-pollution-the-good-the-bad-the-ugly-and-the-denial,The Guardian,"""global warming""",https://www.theguardian.com/environment/climate-consensus-97-per-cent/2015/oct/21/carbon-pollution-the-good-the-bad-the-ugly-and-the-denial,2015-10-21,1,https://i.guim.co.uk/img/static/sys-images/Guardian/Pix/pictures/2015/10/21/1445391662412/57eea33a-0568-4ac6-97d1-84ff427ffd11-1020x419.png?width=445&dpr=1&s=none&crop=none,D:\FR\IGD\IPCC internship\Scripts\output\guardian\images\guardian_2015-10-21_environment_climate-consensus-97-per-cent_2015_oct_21_carbon-pollution-the-good-the-bad-the-ugly-and-the-denial_img01.png,"Summary of projected changes in crop yields, due to climate change over the 21st century. Source: IPCC Fifth Assessment Report, Working Group II.","IPCC Fifth Assessment Report, Working Group II."
environment_climate-consensus-97-per-cent_2015_oct_27_global-warming-could-be-more-devastating-for-the-economy-than-we-thought,The Guardian,"""climate change""",https://www.theguardian.com/environment/climate-consensus-97-per-cent/2015/oct/27/global-warming-could-be-more-devastating-for-the-economy-than-we-thought,2015-10-27,1,https://i.guim.co.uk/img/static/sys-images/Guardian/Pix/pictures/2015/10/27/1445907288996/d99573a9-d1c7-47dc-b065-5d17e6e7ade7-1020x528.png?width=445&dpr=1&s=none&crop=none,D:\FR\IGD\IPCC internship\Scripts\output\guardian\images\guardian_2015-10-27_environment_climate-consensus-97-per-cent_2015_oct_27_global-warming-could-be-more-devastating-for-the-economy-than-we-thought_img01.png,"Global relationship between annual average temperature and change in log gross domestic product (GDP) per capita during 1960–2010 with 90% confidence interval, broken down by poor and rich countries, agricultural and non-agricultural GDP, and time frames (1960–1989 and 1990–2010). Source: Burke et al. (2015), Nature.","Burke et al. (2015), Nature."
environment_climate-consensus-97-per-cent_2015_oct_27_global-warming-could-be-more-devastating-for-the-economy-than-we-thought,The Guardian,"""climate change""",https://www.theguardian.com/environment/climate-consensus-97-per-cent/2015/oct/27/global-warming-could-be-more-devastating-for-the-economy-than-we-thought,2015-10-27,2,https://i.guim.co.uk/img/static/sys-images/Guardian/Pix/pictures/2015/10/27/1445907433130/3aa63bbd-f48d-491c-8276-434516f98d67-1020x426.png?width=445&dpr=1&s=none&crop=none,D:\FR\IGD\IPCC internship\Scripts\output\guardian\images\guardian_2015-10-27_environment_climate-consensus-97-per-cent_2015_oct_27_global-warming-could-be-more-devastating-for-the-economy-than-we-thought_img02.png,"Change in national GDP per capita in 2100 under business-as-usual warming (RCP8.5) relative to projection using constant 1980–2010 average temperatures. Source: Burke et al. (2015), Nature.","Burke et al. (2015), Nature."
global_blog_2015_nov_13_digital-revolution-environmental-sustainable,The Guardian,emissions,https://www.theguardian.com/global/blog/2015/nov/13/digital-revolution-environmental-sustainable,2015-11-13,1,https://i.guim.co.uk/img/static/sys-images/Guardian/Pix/pictures/2015/11/12/1447327528788/b1026f97-057d-4aae-afc0-95ba6bc84359-620x553.png?width=445&dpr=1&s=none&crop=none,D:\FR\IGD\IPCC internship\Scripts\output\guardian\images\guardian_2015-11-13_global_blog_2015_nov_13_digital-revolution-environmental-sustainable_img01.png,What happens when you access data in the digital ecosystem? Illustration: Guardian Graphics,
cities_2015_nov_23_cities-in-numbers-how-patterns-of-urban-growth-change-the-world,The Guardian,"""climate change""",https://www.theguardian.com/cities/2015/nov/23/cities-in-numbers-how-patterns-of-urban-growth-change-the-world,2015-11-23,1,https://i.guim.co.uk/img/static/sys-images/Guardian/Pix/pictures/2015/11/19/1447951960277/6feee86c-cf4f-45ea-a3bc-e21de6c1fe2e-2060x1003.jpeg?width=465&dpr=1&s=none&crop=none,D:\FR\IGD\IPCC internship\Scripts\output\guardian\images\guardian_2015-11-23_cities_2015_nov_23_cities-in-numbers-how-patterns-of-urban-growth-change-the-world_img01.jpeg,Estimated urban growth per hour through a combination of natural internal growth and migration in selected world cities. Source: UN World Urbanisation Prospects 2014/LSE Cities,UN World Urbanisation Prospects 2014/LSE Cities
cities_2015_nov_23_cities-in-numbers-how-patterns-of-urban-growth-change-the-world,The Guardian,"""climate change""",https://www.theguardian.com/cities/2015/nov/23/cities-in-numbers-how-patterns-of-urban-growth-change-the-world,2015-11-23,2,https://i.guim.co.uk/img/media/8969e81e3b29dbcc0a6059dd7c2ff39b9f962e51/23_480_3228_1732/master/3228.jpg?width=445&dpr=1&s=none&crop=none,D:\FR\IGD\IPCC internship\Scripts\output\guardian\images\guardian_2015-11-23_cities_2015_nov_23_cities-in-numbers-how-patterns-of-urban-growth-change-the-world_img02.jpg,Past and present growth of large cities. Source: World Urbanisation Prospects/LSE Cities,World Urbanisation Prospects/LSE Cities
cities_2015_nov_23_cities-in-numbers-how-patterns-of-urban-growth-change-the-world,The Guardian,"""climate change""",https://www.theguardian.com/cities/2015/nov/23/cities-in-numbers-how-patterns-of-urban-growth-change-the-world,2015-11-23,3,https://i.guim.co.uk/img/media/87ef83a283e4126773d0dff40ceae317b80370b6/0_869_7015_3568/master/7015.jpg?width=445&dpr=1&s=none&crop=none,D:\FR\IGD\IPCC internship\Scripts\output\guardian\images\guardian_2015-11-23_cities_2015_nov_23_cities-in-numbers-how-patterns-of-urban-growth-change-the-world_img03.jpg,"The geography of energy consumption. Source: LandScan, IEA, World Energy Balances Database/LSE Cities","LandScan, IEA, World Energy Balances Database/LSE Cities"
books_2015_dec_02_best-drink-books-2015-review-henry-jeffries,The Guardian,"""global warming""",https://www.theguardian.com/books/2015/dec/02/best-drink-books-2015-review-henry-jeffries,2015-12-02,1,https://i.guim.co.uk/img/media/894f93eae52c28e7163accc6df8933a1ac249939/177_77_1983_2550/master/1983.jpg?width=445&dpr=1&s=none&crop=none,D:\FR\IGD\IPCC internship\Scripts\output\guardian\images\guardian_2015-12-02_books_2015_dec_02_best-drink-books-2015-review-henry-jeffries_img01.jpg,A graphic from Wine Folly.,
environment_climate-consensus-97-per-cent_2015_dec_08_betting-against-global-warming-is-a-sure-way-to-lose-money,The Guardian,"""climate change""",https://www.theguardian.com/environment/climate-consensus-97-per-cent/2015/dec/08/betting-against-global-warming-is-a-sure-way-to-lose-money,2015-12-08,1,https://i.guim.co.uk/img/static/sys-images/Guardian/Pix/pictures/2015/12/5/1449334072324/c434d3a5-fde2-4740-be39-c59f3f4413eb-1020x449.png?width=445&dpr=1&s=none&crop=none,D:\FR\IGD\IPCC internship\Scripts\output\guardian\images\guardian_2015-12-08_environment_climate-consensus-97-per-cent_2015_dec_08_betting-against-global-warming-is-a-sure-way-to-lose-money_img01.png,"Results bets that the 15-year average global surface temperature would increase (red dots), decrease (blue dots) or stay about the same (white dots) from the previous 15-year mean. Figure from Risbey et al. (2015). Source: Philosophical Transactions A.",Philosophical Transactions A.
